{
  "object_type": {
    "precision": 1.0,
    "recall": 1.0,
    "f1-score": 1.0,
    "support": 6,
    "confused_with": {}
  },
  "user_name": {
    "precision": 0.6666666666666666,
    "recall": 0.6666666666666666,
    "f1-score": 0.6666666666666666,
    "support": 3,
    "confused_with": {}
  },
  "name": {
    "precision": 0.0,
    "recall": 0.0,
    "f1-score": 0.0,
    "support": 1,
    "confused_with": {
      "content_name": 1
    }
  },
  "content_name": {
    "precision": 0.8,
    "recall": 0.8,
    "f1-score": 0.8000000000000002,
    "support": 5,
    "confused_with": {}
  },
  "micro avg": {
    "precision": 0.8571428571428571,
    "recall": 0.8,
    "f1-score": 0.8275862068965518,
    "support": 15
  },
  "macro avg": {
    "precision": 0.6166666666666667,
    "recall": 0.6166666666666667,
    "f1-score": 0.6166666666666667,
    "support": 15
  },
  "weighted avg": {
    "precision": 0.8,
    "recall": 0.8,
    "f1-score": 0.8,
    "support": 15
  }
}